scenario,policy,metric,n,mean,std,median,p95,p99,cv
A,fifo,mean_ms,5,0.417,0.001,0.417,0.419,0.419,0.00356
A,sff,mean_ms,5,0.438,0.019,0.445,0.457,0.459,0.04361
A,fifo,throughput_rps,5,99.967,0.013,99.961,99.981,99.982,0.00013
A,sff,throughput_rps,5,99.957,0.007,99.956,99.966,99.968,7e-05
B,fifo,mean_ms,5,0.518,0.011,0.518,0.531,0.533,0.02171
B,sff,mean_ms,5,0.516,0.013,0.512,0.532,0.534,0.02516
B,fifo,throughput_rps,5,99.974,0.008,99.975,99.979,99.979,8e-05
B,sff,throughput_rps,5,99.969,0.013,99.966,99.986,99.988,0.00013
